ID,Gene,ADseq,Activity_Mean_MSS18,Activity_std_MSS18,MutName,start,end,norm_error
1,Hif1-AD2_46,RLLGWSMDESGLPWLTSYDCEVWAPIWGSRWLLWGEELLRALDWVW,2103.122677,576.3297046,NQ>W,,,0.226491487
2,Hif1-AD2_46,RLLGQSWDESGLPQLTSYDCEVNWPIQGSRNLLQGEELLRWLDQVN,2111.794463,189.4833888,MA>W,,,0.102867757
3,Hif1-AD2_46,RLLGQSMDESGLPQLTSYDCEVNAPIQGSRNLLQGEELLRALDQVN,2695.866145,258.4905792,WT,,,0.135600532
4,Hif1-AD2_46,ELLGQSMDESGLPQLTSYDCEVNAPIQGSEFLLQGEELLDALDQVN,4746.673271,996.5202333,supercharge6,,,0.406375755
5,Hif1-AD2_46,DLLGQSMDESGLPQLTSYDCEVNAPIQGSDNLLQGEELLDALDQVN,4858.260837,808.6846182,RK>D,,,0.346180672
6,CITED2,TAFIAAAVLMSLVIAMGLARIKELPELWLGQNEFDFMTD,1404.648256,452.6253602,ED>Amut0to20,,,0.10191948
7,CITED2,TDAIDEEVAMSAVIEMGLDRIKELPELWLGQNEFDFMTD,1989.684485,510.0697511,killmotif1,,,0.117532419
8,CITED2,TDFIDEEVFMSFVIEMGFDRIKEFPEFWFGQNEFDFMTD,2081.676282,263.5747959,L>F,,,0.071355742
9,CITED2,TDFIDEEVWMSWVIEMGWDRIKEWPEWWWGQNEFDFMTD,2317.262431,300.5760062,L>W,,,0.080670573
10,CITED2,TDFIDEEVLMSLVIEMGLDRIKELPELWLGQNEFDFMTD,4633.448213,835.6520832,WT,,,0.204256284
11,CITED2,TDFIDEEVLMSLVIEMGLDEIEELPELWLGQNEFDFMTD,5096.616988,896.1121213,RK>E,,,0.220289586
12,CITED2,TDFIDEEVLMSLVIEMGLDRIAELPELWLGQNEFDFMTD,5659.066247,1336.982271,RK>Amut20to39,,,0.3114089
13,>sp|O43186|CRX_HUMAN,MMAYMNPGPHYSVNALALSGPSVDLMHQAVPYPSAPRKQRRERTTFTRSQ,177.8302457,12.55375571,ChopCRX,0,50,
14,>sp|O43186|CRX_HUMAN,PSVDLMHQAVPYPSAPRKQRRERTTFTRSQLEELEALFAKTQYPDVYARE,169.105583,17.62020201,ChopCRX,20,70,
15,>sp|O43186|CRX_HUMAN,RERTTFTRSQLEELEALFAKTQYPDVYAREEVALKINLPESRVQVWFKNR,204.5020773,6.608926887,ChopCRX,40,90,
16,>sp|O43186|CRX_HUMAN,TQYPDVYAREEVALKINLPESRVQVWFKNRRAKCRQQRQQQKQQQQPPGG,175.6215124,19.24662659,ChopCRX,60,110,
17,>sp|O43186|CRX_HUMAN,SRVQVWFKNRRAKCRQQRQQQKQQQQPPGGQAKARPAKRKAGTSPRPSTD,177.1713202,22.22288577,ChopCRX,80,130,
18,>sp|O43186|CRX_HUMAN,QKQQQQPPGGQAKARPAKRKAGTSPRPSTDVCPDPLGISDSYSPPLPGPS,208.6761898,31.61406673,ChopCRX,100,150,
19,>sp|O43186|CRX_HUMAN,AGTSPRPSTDVCPDPLGISDSYSPPLPGPSGSPTTAVATVSIWSPASESP,226.4625489,17.65132032,ChopCRX,120,170,
20,>sp|O43186|CRX_HUMAN,SYSPPLPGPSGSPTTAVATVSIWSPASESPLPEAQRAGLVASGPSLTSAP,275.5035078,37.15344728,ChopCRX,140,190,
21,>sp|O43186|CRX_HUMAN,SIWSPASESPLPEAQRAGLVASGPSLTSAPYAMTYAPASAFCSSPSAYGS,235.6802654,23.40182924,ChopCRX,160,210,
22,>sp|O43186|CRX_HUMAN,ASGPSLTSAPYAMTYAPASAFCSSPSAYGSPSSYFSGLDPYLSPMVPQLG,224.798996,19.31591532,ChopCRX,180,230,
23,>sp|O43186|CRX_HUMAN,FCSSPSAYGSPSSYFSGLDPYLSPMVPQLGGPALSPLSGPSVGPSLAQSP,243.3948875,24.7385486,ChopCRX,200,250,
24,>sp|O43186|CRX_HUMAN,YLSPMVPQLGGPALSPLSGPSVGPSLAQSPTSLSGQSYGAYSPVDSLEFK,329.6389428,54.13433819,ChopCRX,220,270,
25,>sp|O43186|CRX_HUMAN,TSLSGQSYGAYSPVDSLEFKDPTGTWKFTYNPMDPLDYKDQSAWKFQIL,203.8471746,18.69242057,ChopCRX,250,300,
26,CITED2,MADHMMAMNHGRFPDGTNGLHHHPAHRMGMGQFPSPHHHQQQQPQHAFNALMGEHIHYGA,NA,NA,ChopCITED2,1,60,
27,CITED2,GQFPSPHHHQQQQPQHAFNALMGEHIHYGAARFNNSQFMGPPVASQGGSLPASMQLQKLN,NA,NA,ChopCITED3,31,90,
28,CITED2,GNMNATSGIRHAMGPGTVNGGHPPSALAPAARFNNSQFMGPPVASQGGSLPASMQLQKLN,NA,NA,ChopCITED4,61,120,
29,CITED2,ARFNNSQFMGPPVASQGGSLPASMQLQKLNQHFRDCNPKHSGGSSTPGGSGGSSTPGGSG,NA,NA,ChopCITED5,91,150,
30,CITED2,NQYFNHHPYPHNHYMPDLHPAAGHQMNGTNQHFRDCNPKHSGGSSTPGGSGGSSTPGGSG,NA,NA,ChopCITED6,121,180,
31,CITED2,QHFRDCNPKHSGGSSTPGGSGGSSTPGGSGAMLPPNVIDTDFIDEEVLMSLVIEMGLDRI,NA,NA,ChopCITED7,151,210,
32,CITED2,SSSGGGAGSSNSGGGSGSGNMPASVAHVPAAMLPPNVIDTDFIDEEVLMSLVIEMGLDRI,NA,NA,ChopCITED8,181,240,
33,CITED2,AMLPPNVIDTDFIDEEVLMSLVIEMGLDRIKELPELWLGQNEFDFMTDFVCKQQPSRVSC,NA,NA,ChopCITED9,211,270,